# -*- coding: utf-8 -*- This line is just for your information, the python plugin will not use the first line
insert into zz_flowtype(type, unit, explanation) values("Accvol", "m3", "Accumulated volume");
insert into zz_flowtype(type, unit, explanation) values("Momflow", "l/s", "Momentary flow rate");
insert into zz_flowtype(type, unit, explanation) values("Aveflow", "l/s", "Average flow since last reading");
insert into zz_meteoparam(parameter, explanation) values("precip", "Precipitation");
insert into zz_meteoparam(parameter, explanation) values("temp", "Air temperature");
insert into zz_strat(geoshort,strata) values('berg','rock');
insert into zz_strat(geoshort,strata) values('b','rock');
insert into zz_strat(geoshort,strata) values('rock','rock');
insert into zz_strat(geoshort,strata) values('ro','rock');
insert into zz_strat(geoshort,strata) values('grovgrus','coarse gravel');
insert into zz_strat(geoshort,strata) values('grg','coarse gravel');
insert into zz_strat(geoshort,strata) values('coarse gravel','coarse gravel');
insert into zz_strat(geoshort,strata) values('cgr','coarse gravel');
insert into zz_strat(geoshort,strata) values('grus','gravel');
insert into zz_strat(geoshort,strata) values('gr','gravel');
insert into zz_strat(geoshort,strata) values('gravel','gravel');
insert into zz_strat(geoshort,strata) values('mellangrus','medium gravel');
insert into zz_strat(geoshort,strata) values('grm','medium gravel');
insert into zz_strat(geoshort,strata) values('medium gravel','medium gravel');
insert into zz_strat(geoshort,strata) values('mgr','medium gravel');
insert into zz_strat(geoshort,strata) values('fingrus','fine gravel');
insert into zz_strat(geoshort,strata) values('grf','fine gravel');
insert into zz_strat(geoshort,strata) values('fine gravel','fine gravel');
insert into zz_strat(geoshort,strata) values('fgr','fine gravel');
insert into zz_strat(geoshort,strata) values('grovsand','coarse sand');
insert into zz_strat(geoshort,strata) values('sag','coarse sand');
insert into zz_strat(geoshort,strata) values('coarse sand','coarse sand');
insert into zz_strat(geoshort,strata) values('csa','coarse sand');
insert into zz_strat(geoshort,strata) values('sand','sand');
insert into zz_strat(geoshort,strata) values('sa','sand');
insert into zz_strat(geoshort,strata) values('mellansand','medium sand');
insert into zz_strat(geoshort,strata) values('sam','medium sand');
insert into zz_strat(geoshort,strata) values('medium sand','medium sand');
insert into zz_strat(geoshort,strata) values('msa','medium sand');
insert into zz_strat(geoshort,strata) values('finsand','fine sand');
insert into zz_strat(geoshort,strata) values('saf','fine sand');
insert into zz_strat(geoshort,strata) values('fine sand','fine sand');
insert into zz_strat(geoshort,strata) values('fsa','fine sand');
insert into zz_strat(geoshort,strata) values('silt','silt');
insert into zz_strat(geoshort,strata) values('si','silt');
insert into zz_strat(geoshort,strata) values('lera','clay');
insert into zz_strat(geoshort,strata) values('ler','clay');
insert into zz_strat(geoshort,strata) values('le','clay');
insert into zz_strat(geoshort,strata) values('clay','clay');
insert into zz_strat(geoshort,strata) values('cl','clay');
insert into zz_strat(geoshort,strata) values('morän','till');
insert into zz_strat(geoshort,strata) values('moran','till');
insert into zz_strat(geoshort,strata) values('mn','till');
insert into zz_strat(geoshort,strata) values('till','till');
insert into zz_strat(geoshort,strata) values('ti','till');
insert into zz_strat(geoshort,strata) values('torv','peat');
insert into zz_strat(geoshort,strata) values('t','peat');
insert into zz_strat(geoshort,strata) values('peat','peat');
insert into zz_strat(geoshort,strata) values('pt','peat');
insert into zz_strat(geoshort,strata) values('fyll','made ground');
insert into zz_strat(geoshort,strata) values('fyllning','made ground');
insert into zz_strat(geoshort,strata) values('f','made ground');
insert into zz_strat(geoshort,strata) values('made ground','made ground');
insert into zz_strat(geoshort,strata) values('mg','made ground');
insert into zz_strat(geoshort,strata) values('land fill','made ground');
insert into zz_strat(geoshort,strata) values('unknown','unknown');
insert into "zz_stratigraphy_plots" (strata,color_mplot,hatch_mplot,color_qt,brush_qt) values('peat','DarkGray','+','darkGray','NoBrush');
insert into "zz_stratigraphy_plots" (strata,color_mplot,hatch_mplot,color_qt,brush_qt) values('made ground','white','+','white','DiagCrossPattern');
insert into "zz_stratigraphy_plots" (strata,color_mplot,hatch_mplot,color_qt,brush_qt) values('clay','yellow','-','yellow','HorPattern');
insert into "zz_stratigraphy_plots" (strata,color_mplot,hatch_mplot,color_qt,brush_qt) values('silt','yellow','\\','yellow','BDiagPattern');
insert into "zz_stratigraphy_plots" (strata,color_mplot,hatch_mplot,color_qt,brush_qt) values('fine sand','DarkOrange','.','orange','Dense5Pattern');
insert into "zz_stratigraphy_plots" (strata,color_mplot,hatch_mplot,color_qt,brush_qt) values('medium sand','green','.','green','Dense4Pattern');
insert into "zz_stratigraphy_plots" (strata,color_mplot,hatch_mplot,color_qt,brush_qt) values('sand','green','*','green','Dense5Pattern');
insert into "zz_stratigraphy_plots" (strata,color_mplot,hatch_mplot,color_qt,brush_qt) values('coarse sand','green','*','green','Dense5Pattern');
insert into "zz_stratigraphy_plots" (strata,color_mplot,hatch_mplot,color_qt,brush_qt) values('fine gravel','DarkGreen','o','darkGreen','Dense6Pattern');
insert into "zz_stratigraphy_plots" (strata,color_mplot,hatch_mplot,color_qt,brush_qt) values('medium gravel','DarkGreen','o','darkGreen','Dense6Pattern');
insert into "zz_stratigraphy_plots" (strata,color_mplot,hatch_mplot,color_qt,brush_qt) values('gravel','DarkGreen','O','darkGreen','Dense7Pattern');
insert into "zz_stratigraphy_plots" (strata,color_mplot,hatch_mplot,color_qt,brush_qt) values('coarse gravel','DarkGreen','O','darkGreen','Dense7Pattern');
insert into "zz_stratigraphy_plots" (strata,color_mplot,hatch_mplot,color_qt,brush_qt) values('till','cyan','/','yellow','CrossPattern');
insert into "zz_stratigraphy_plots" (strata,color_mplot,hatch_mplot,color_qt,brush_qt) values('rock','red','x','red','DiagCrossPattern');
insert into "zz_capacity" (capacity,explanation) values('','unknown');
insert into "zz_capacity" (capacity,explanation) values(' ','unknown');
insert into "zz_capacity" (capacity,explanation) values('0','unknown');
insert into "zz_capacity" (capacity,explanation) values('0 ','unknown');
insert into "zz_capacity" (capacity,explanation) values('1','above gwl');
insert into "zz_capacity" (capacity,explanation) values('1 ','above gwl');
insert into "zz_capacity" (capacity,explanation) values('2','none');
insert into "zz_capacity" (capacity,explanation) values('2 ','none');
insert into "zz_capacity" (capacity,explanation) values('3-','insignificant');
insert into "zz_capacity" (capacity,explanation) values('3','insignificant');
insert into "zz_capacity" (capacity,explanation) values('3 ','insignificant');
insert into "zz_capacity" (capacity,explanation) values('3+','insignificant');
insert into "zz_capacity" (capacity,explanation) values('4-','less good');
insert into "zz_capacity" (capacity,explanation) values('4','less good');
insert into "zz_capacity" (capacity,explanation) values('4 ','less good');
insert into "zz_capacity" (capacity,explanation) values('4+','less good');
insert into "zz_capacity" (capacity,explanation) values('5-','good');
insert into "zz_capacity" (capacity,explanation) values('5','good');
insert into "zz_capacity" (capacity,explanation) values('5 ','good');
insert into "zz_capacity" (capacity,explanation) values('5+','good');
insert into "zz_capacity" (capacity,explanation) values('6-','very good');
insert into "zz_capacity" (capacity,explanation) values('6','very good');
insert into "zz_capacity" (capacity,explanation) values('6 ','very good');
insert into "zz_capacity" (capacity,explanation) values('6+','very good');
insert into "zz_capacity_plots" (capacity,color_qt) values('', 'gray');
insert into "zz_capacity_plots" (capacity,color_qt) values(' ', 'gray');
insert into "zz_capacity_plots" (capacity,color_qt) values('0', 'gray');
insert into "zz_capacity_plots" (capacity,color_qt) values('0 ', 'gray');
insert into "zz_capacity_plots" (capacity,color_qt) values('1', 'red');
insert into "zz_capacity_plots" (capacity,color_qt) values('1 ', 'red');
insert into "zz_capacity_plots" (capacity,color_qt) values('2', 'magenta');
insert into "zz_capacity_plots" (capacity,color_qt) values('2 ', 'magenta');
insert into "zz_capacity_plots" (capacity,color_qt) values('3-', 'yellow');
insert into "zz_capacity_plots" (capacity,color_qt) values('3', 'yellow');
insert into "zz_capacity_plots" (capacity,color_qt) values('3 ', 'yellow');
insert into "zz_capacity_plots" (capacity,color_qt) values('3+', 'darkYellow');
insert into "zz_capacity_plots" (capacity,color_qt) values('4-', 'green');
insert into "zz_capacity_plots" (capacity,color_qt) values('4', 'green');
insert into "zz_capacity_plots" (capacity,color_qt) values('4 ', 'green');
insert into "zz_capacity_plots" (capacity,color_qt) values('4+', 'darkGreen');
insert into "zz_capacity_plots" (capacity,color_qt) values('5-', 'cyan');
insert into "zz_capacity_plots" (capacity,color_qt) values('5', 'cyan');
insert into "zz_capacity_plots" (capacity,color_qt) values('5 ', 'cyan');
insert into "zz_capacity_plots" (capacity,color_qt) values('5+', 'darkCyan');
insert into "zz_capacity_plots" (capacity,color_qt) values('6-', 'blue');
insert into "zz_capacity_plots" (capacity,color_qt) values('6', 'blue');
insert into "zz_capacity_plots" (capacity,color_qt) values('6 ', 'blue');
insert into "zz_capacity_plots" (capacity,color_qt) values('6+', 'darkBlue');
insert into "zz_w_qual_field_parameters" (parameter, shortname, unit, explanation) values('DO', 'DO', '%', 'dissolved free non-compound oxygen');
insert into "zz_w_qual_field_parameters" (parameter, shortname, unit, explanation) values('DO', 'DO', 'mg/L', 'dissolved free non-compound oxygen saturation');
insert into "zz_w_qual_field_parameters" (parameter, shortname, unit, explanation) values('conductivity', 'cond', 'µS/cm', 'ability to conduct electricity (a measure of ionic content of a solution)');
insert into "zz_w_qual_field_parameters" (parameter, shortname, unit, explanation) values('pH', 'pH', NULL, 'negative logarithm of the hydrogen ion activity');
insert into "zz_w_qual_field_parameters" (parameter, shortname, unit, explanation) values('reduction potential', 'redox', 'mV', 'tendency to acquire electrons');
insert into "zz_w_qual_field_parameters" (parameter, shortname, unit, explanation) values('temperature', 'temp', 'grC', 'water temperature');
insert into "zz_w_qual_field_parameters" (parameter, shortname, unit, explanation) values('turbidity', 'turb', 'FNU', 'reduction of transparency of a liquid caused by the presence of undissolved matter');
insert into "zz_w_qual_field_parameter_groups" ("parameter", "unit", "groupname") values('DO', '%', 'quality');
insert into "zz_w_qual_field_parameter_groups" ("parameter", "unit", "groupname") values('DO', 'mg/L', 'quality');
insert into "zz_w_qual_field_parameter_groups" ("parameter", "unit", "groupname") values('conductivity', 'µS/cm', 'quality');
insert into "zz_w_qual_field_parameter_groups" ("parameter", "unit", "groupname") values('pH', NULL, 'quality');
insert into "zz_w_qual_field_parameter_groups" ("parameter", "unit", "groupname") values('reduction potential', 'mV', 'quality');
insert into "zz_w_qual_field_parameter_groups" ("parameter", "unit", "groupname") values('temperature', 'grC', 'quality');
insert into "zz_w_qual_field_parameter_groups" ("parameter", "unit", "groupname") values('turbidity', 'FNU', 'sample');
insert into "zz_w_qual_field_parameter_groups" ("parameter", "unit", "groupname") values('temperature', 'grC', 'sample');
